module,skill,action
BMad Method,bmad-create-epics-and-stories,
BMad Method,bmad-check-implementation-readiness,
BMad Method,bmad-sprint-planning,
BMad Method,bmad-sprint-planning,status
BMad Method,bmad-sprint-status,
BMad Method,bmad-create-story,create
BMad Method,bmad-create-story,validate
BMad Method,bmad-dev-story,
BMad Method,bmad-quick-dev,
BMad Method,bmad-retrospective,
BMad Method,bmad-checkpoint-preview,
BMad Method,bmad-market-research,
BMad Method,bmad-domain-research,
BMad Method,bmad-technical-research,
Core,bmad-market-research,
Core,bmad-domain-research,
Core,bmad-technical-research,
