module,skill,display-name,menu-code,description,action,args,phase,preceded-by,followed-by,required,output-location,outputs
BMad Method,bmad-start-project,Start Project,ST,Configure a clean boilerplate clone import or discover and challenge the product route necessary BMAD and Figma work and publish the first actionable Work Item.,,,plan,,bmad-publish-work-item,true,planning_artifacts,technical topology|product artifacts|design state|first Work Item|next prompt
BMad Method,bmad-update-project,Update Project,UP,Prove an existing repository under its legacy stack compare it with the latest public boilerplate and apply one explicitly approved upgrade wave safely.,,,anytime,,bmad-publish-work-item,false,{project-root}/.boilerplate/adoption,legacy baseline|comparison|upgrade plan|next prompt
BMad Method,bmad-project-context,Project Context,PC,Set up or refresh concise verified repository instructions for agents; use for project onboarding or when stack conventions change.,,,anytime,,,false,repo root,AGENTS.md managed block
BMad Method,bmad-workflow-setup,Configure Work Item Policy,WS,Onboarding or reconfiguration only: discover stable tracker taxonomy language Figma automation and release-note policy one unresolved question at a time.,,,anytime,,bmad-publish-work-item,false,{project-root}/_bmad/custom,project-workflow.toml
BMad Method,bmad-publish-work-item,Publish Work Item,PW,Normal delivery entry point: inspect relevant evidence challenge and confirm a Module Request Feature Issue Bug or Spike contract publish it and return the first next prompt.,,,plan,,bmad-build|bmad-spec|bmad-ux|bmad-architecture,true,planning_artifacts,work-item.md|tracker payload|next prompt
BMad Method,bmad-build,Build,BD,Implement a confirmed cohesive Feature Issue or Bug from its Work Item contract apply KISS verify behavior return the next prompt and never commit automatically.,,,ship,bmad-publish-work-item|bmad-spec|bmad-ux|bmad-architecture,bmad-code-review|bmad-close-work-item,true,implementation_artifacts,implementation|verification|next prompt
BMad Method,bmad-spec,Spec,SPC,Use only when a Work Item or project intent needs focused behavior boundaries or acceptance elaboration before Build.,,[path],plan,bmad-publish-work-item,bmad-build,false,planning_artifacts,SPEC.md|next prompt
BMad Method,bmad-brainstorming,Brainstorm,BP,Use for project discovery or when a product decision cannot be resolved by focused Work Item refinement.,,,plan,,,false,planning_artifacts,brainstorming session|next prompt
BMad Method,bmad-product-brief,Create Brief,CB,Use during product discovery when the project idea needs a concise validated product brief.,,-A,plan,bmad-brainstorming,bmad-prd|bmad-publish-work-item,false,planning_artifacts,product brief
BMad Method,bmad-prfaq,PRFAQ Challenge,WB,Use during product discovery to pressure-test product value and customer outcomes.,,-H,plan,bmad-brainstorming,bmad-prd|bmad-publish-work-item,false,planning_artifacts,prfaq document
BMad Method,bmad-prd,Create Edit and Review PRD,PRD,Use for project product definition or only when a Work Item has product uncertainty that justifies a durable requirements document.,,,plan,bmad-product-brief|bmad-prfaq,bmad-publish-work-item|bmad-spec,false,planning_artifacts,prd|next prompt
BMad Method,bmad-ux,UX And Figma,CU,Use when design-impact is new-screen screen-change or design-system-change; define states update Figma record approvals and return the next prompt.,,,plan,bmad-publish-work-item,bmad-spec|bmad-build,false,planning_artifacts,UX artifacts|Figma references|next prompt
BMad Method,bmad-architecture,Architecture,CA,Use only when independently delivered units could make incompatible decisions; inherit the Work Item contract and decompose non-cohesive Features into external Issues.,,,plan,bmad-publish-work-item|bmad-spec,bmad-build|bmad-publish-work-item,false,implementation_artifacts,architecture spine|next prompt
BMad Method,bmad-correct-course,Refine Contract,CC,Return to Work Item publication when delivery requires a scope acceptance fixed-decision design public-contract or material rollout change.,,,anytime,bmad-publish-work-item,bmad-publish-work-item,false,planning_artifacts,contract change proposal
BMad Method,bmad-code-review,Code Review,CR,Optional risk-based review against the Work Item contract implementation diff verification evidence and approved design references.,,,ship,bmad-build,bmad-build|bmad-close-work-item,false,implementation_artifacts,review findings|next prompt
BMad Method,bmad-checkpoint-preview,Checkpoint,CK,Optional human walkthrough of a code change when an explicit review checkpoint adds value.,,,ship,bmad-build,bmad-close-work-item,false,implementation_artifacts,walkthrough
BMad Method,bmad-qa-generate-e2e-tests,QA Automation Test,QA,Generate automated API or E2E verification only when user-facing or integration risk justifies it.,,,ship,bmad-build,bmad-close-work-item,false,implementation_artifacts,test suite|next prompt
BMad Method,bmad-close-work-item,Close Work Item,CW,Verify acceptance transfer durable knowledge update the tracker and remove ticket-scoped artifacts only after explicit approval.,,,ship,bmad-build|bmad-code-review,,true,project-knowledge|_bmad-output,verification|updated docs|tracker closeout|approved cleanup
BMad Method,bmad-review-verification-gap,Review Verification Gap,VG,Check whether changed behavior would regress without reliable verification then return a remediation or closeout prompt.,,,ship,bmad-build,bmad-build|bmad-close-work-item,false,implementation_artifacts,verification findings|next prompt
BMad Method,update-business-release-notes,Update Business Release Notes,RN,Update configured business release notes from stable GitHub Releases; exit without writing when project policy disables it.,,,anytime,,,false,project-knowledge,business release notes
Core,bmad-forge-idea,Forge Idea,FI,Pressure-test an early product idea until it is buildable rejected or ready for focused specification.,,,anytime,,bmad-spec|bmad-product-brief,false,{output_folder}/forge,refined idea
Test Architecture Enterprise,bmad-testarch-test-design,Test Design,TD,Use after publication when material security data critical-path accessibility performance or regression risk needs an explicit test approach.,,,plan,bmad-publish-work-item,bmad-build,false,implementation_artifacts,test design|next prompt
Test Architecture Enterprise,bmad-testarch-atdd,Acceptance Test Scaffolding,AT,Create executable acceptance test scaffolding before Build only when the confirmed risk-based route requires it.,,,ship,bmad-publish-work-item,bmad-build,false,implementation_artifacts,acceptance tests|next prompt
Test Architecture Enterprise,bmad-testarch-automate,Test Automation,TA,Expand automated verification for the current Work Item only when risk or a known verification gap requires it.,,,ship,bmad-build,bmad-close-work-item,false,implementation_artifacts,test suite|next prompt
Test Architecture Enterprise,bmad-testarch-test-review,Test Review,RV,Perform optional independent review of meaningful Work Item verification.,,,ship,bmad-build,bmad-build|bmad-close-work-item,false,implementation_artifacts,review report|next prompt
Test Architecture Enterprise,bmad-testarch-nfr,NFR Evidence Audit,NR,Audit material performance security reliability scalability accessibility or observability evidence when the Work Item route requires it.,,,ship,bmad-build,bmad-close-work-item,false,implementation_artifacts,nfr report|next prompt
Test Architecture Enterprise,bmad-testarch-trace,Acceptance Traceability,TR,Trace Work Item acceptance criteria to implementation and verification only when a high-risk delivery needs explicit coverage evidence.,,,ship,bmad-build,bmad-close-work-item,false,implementation_artifacts,traceability evidence|next prompt
